date,IBIT,FBTC,BITB,ARKB,BTCO,EZBC,BRRR,HODL,BTCW,MSBT,GBTC,BTC,Total
2026-01-02,287.4,88.1,41.5,6.7,4.5,13.0,0.0,8.3,0.0,0.0,15.4,6.4,471.3
2026-01-05,372.5,191.2,38.5,36.0,15.0,13.6,7.2,5.3,0.0,0.0,0.0,17.9,697.2
2026-01-06,228.7,-312.2,0.0,-29.5,0.0,0.0,0.0,-14.4,0.0,0.0,-83.1,-32.7,-243.2
2026-01-07,-130.0,-247.6,-39.0,-42.3,0.0,0.0,0.0,-11.6,0.0,0.0,-15.6,0.0,-486.1
2026-01-08,-193.3,-120.5,3.0,-9.6,0.0,0.0,0.0,0.0,1.9,0.0,-73.1,-7.2,-398.8
2026-01-09,-252.0,7.9,-5.9,0.0,0.0,0.0,0.0,0.0,0.0,0.0,0.0,0.0,-250.0
2026-01-12,-70.7,111.7,0.0,0.0,0.0,0.0,0.0,6.5,0.0,0.0,64.3,4.9,116.7
2026-01-13,126.3,351.4,159.4,84.9,0.0,0.0,0.0,10.0,3.0,0.0,0.0,18.8,753.8
2026-01-14,648.4,125.4,10.6,27.0,0.0,5.6,0.0,8.3,0.0,0.0,15.3,0.0,840.6
2026-01-15,315.8,-188.9,0.0,0.0,0.0,0.0,3.0,0.0,0.0,0.0,-36.4,6.7,100.2
2026-01-16,15.1,-205.2,-90.4,-69.4,0.0,0.0,0.0,0.0,0.0,0.0,-44.8,0.0,-394.7
2026-01-20,-56.9,-152.1,-40.4,-46.4,0.0,-10.4,0.0,-12.7,0.0,0.0,-160.8,0.0,-479.7
2026-01-21,-356.6,-287.7,-25.9,-29.8,0.0,0.0,-3.8,6.4,0.0,0.0,-11.3,0.0,-708.7
2026-01-22,-22.4,-9.8,0.0,0.0,0.0,0.0,0.0,0.0,0.0,0.0,0.0,0.0,-32.2
2026-01-23,-101.6,-1.9,0.0,0.0,0.0,0.0,0.0,0.0,0.0,0.0,0.0,0.0,-103.5
2026-01-26,15.9,-5.7,-11.0,-2.9,0.0,0.0,0.0,0.0,2.8,0.0,0.0,7.7,6.8
2026-01-27,-102.8,-44.6,0.0,0.0,0.0,0.0,0.0,0.0,0.0,0.0,0.0,0.0,-147.4
2026-01-28,-14.2,19.5,-12.6,-12.3,0.0,0.0,0.0,0.0,0.0,0.0,0.0,0.0,-19.6
2026-01-29,-317.8,-168.0,-88.9,-71.6,-8.4,0.0,0.0,-6.5,0.0,0.0,-119.4,-37.2,-817.8
2026-01-30,-528.3,7.3,0.0,8.3,0.0,0.0,0.0,3.0,0.0,0.0,0.0,0.0,-509.7
2026-02-02,142.0,153.3,96.5,65.1,10.1,0.0,0.0,24.3,3.3,0.0,0.0,67.2,561.8
2026-02-03,60.0,-148.7,-23.4,-62.5,0.0,-2.2,0.0,-4.8,0.0,0.0,-56.6,-33.8,-272.0
2026-02-04,-373.4,-86.4,0.0,-31.7,0.0,-6.4,0.0,-5.2,0.0,0.0,-41.8,0.0,-544.9
2026-02-05,-175.3,-109.5,-15.6,-23.1,0.0,0.0,0.0,0.0,0.0,0.0,-75.4,-35.2,-434.1
2026-02-06,231.6,24.5,28.7,43.3,7.0,0.0,0.0,15.9,0.0,0.0,0.0,20.1,371.1
2026-02-09,-20.9,3.1,0.0,14.1,0.0,6.1,0.0,12.0,0.0,0.0,0.0,130.5,144.9
2026-02-10,26.5,56.9,0.0,68.5,0.0,0.0,4.9,0.0,3.6,0.0,0.0,6.1,166.5
2026-02-11,-73.4,-92.6,-22.0,-70.5,0.0,0.0,0.0,-6.7,6.8,0.0,-17.9,0.0,-276.3
2026-02-12,-157.6,-104.1,-7.8,-31.5,-6.8,-3.8,-2.8,-3.2,0.0,0.0,-59.1,-33.5,-410.2
2026-02-13,-9.4,12.0,0.0,0.0,0.0,0.0,0.0,1.9,3.6,0.0,0.0,7.0,15.1
2026-02-17,-119.7,5.9,-10.3,-8.3,0.0,0.0,0.0,0.0,0.0,0.0,-8.5,36.0,-104.9
2026-02-18,-84.2,-49.1,0.0,0.0,0.0,0.0,0.0,0.0,0.0,0.0,0.0,0.0,-133.3
2026-02-19,-164.1,0.0,0.0,0.0,0.0,0.0,-1.7,0.0,0.0,0.0,0.0,0.0,-165.8
2026-02-20,64.5,23.6,0.0,0.0,0.0,0.0,0.0,0.0,0.0,0.0,0.0,0.0,88.1
2026-02-23,-116.4,-27.9,-43.6,-9.2,0.0,0.0,0.0,6.4,0.0,0.0,-13.1,0.0,-203.8
2026-02-24,78.9,82.8,3.5,71.1,0.0,0.0,0.0,12.8,0.0,0.0,0.0,8.6,257.7
2026-02-25,297.4,30.1,39.4,2.3,0.0,0.0,0.0,15.6,0.0,0.0,102.5,19.3,506.6
2026-02-26,275.8,-51.5,69.0,-44.9,0.0,0.0,0.0,0.0,0.0,0.0,0.0,6.0,254.4
2026-02-27,-32.7,0.0,0.0,0.0,3.3,1.9,0.0,0.0,0.0,0.0,0.0,0.0,-27.5
2026-03-02,263.2,94.8,36.4,5.7,6.2,14.0,0.0,19.5,0.0,0.0,18.4,458.2
2026-03-03,322.4,-89.3,0.0,0.0,0.0,0.0,11.6,0.0,8.7,0.0,-28.2,0.0,225.2
2026-03-04,306.6,48.0,8.0,14.6,9.1,8.5,0.0,5.2,7.8,0.0,21.7,32.4,461.9
2026-03-05,-88.7,-48.0,-46.4,-22.7,0.0,0.0,5.4,-8.6,0.0,0.0,-18.9,0.0,-227.9
2026-03-06,-143.5,-158.5,-22.2,-4.5,0.0,0.0,0.0,-5.8,0.0,0.0,-9.6,-4.8,-348.9
2026-03-09,109.3,60.1,-4.5,-2.7,0.0,0.0,0.0,4.9,0.0,0.0,0.0,0.0,167.1
2026-03-10,185.8,33.5,16.4,4.1,0.0,0.0,-4.1,5.9,0.0,0.0,0.0,5.3,246.9
2026-03-11,115.3,15.4,0.0,0.0,0.0,0.0,0.0,-4.5,0.0,0.0,-16.0,5.0,115.2
2026-03-12,46.1,15.3,-5.7,3.0,0.0,0.0,0.0,0.0,0.0,0.0,-9.9,5.0,53.8
2026-03-13,143.6,23.2,3.1,2.4,0.0,0.0,0.0,8.1,0.0,0.0,0.0,0.0,180.4
2026-03-16,139.4,64.5,2.8,-3.1,0.0,2.1,0.0,-6.3,0.0,0.0,0.0,0.0,199.4
2026-03-17,169.3,24.4,0.0,2.5,0.0,0.0,0.0,3.2,0.0,0.0,0.0,0.0,199.4
2026-03-18,-33.9,-103.8,-7.0,0.0,0.0,0.0,0.0,0.0,0.0,0.0,-18.8,0.0,-163.5
2026-03-19,-38.3,-26.0,-17.2,-15.2,0.0,4.1,3.2,0.0,0.0,0.0,-5.5,4.7,-90.2
2026-03-20,-45.9,-9.1,0.0,0.0,0.0,0.0,0.0,3.0,0.0,0.0,0.0,0.0,-52.0
2026-03-23,160.8,41.7,0.0,-9.4,0.0,0.0,0.0,0.0,0.0,0.0,-25.9,0.0,167.2
2026-03-24,-4.7,-45.3,-16.6,0.0,0.0,0.0,0.0,-7.9,0.0,0.0,0.0,0.0,-74.5
2026-03-25,-70.7,83.3,0.0,-4.8,0.0,0.0,0.0,0.0,0.0,0.0,0.0,0.0,7.8
2026-03-26,-41.9,-32.8,-33.1,-30.5,0.0,0.0,0.0,-2.4,0.0,0.0,-25.1,-5.5,-171.3
2026-03-27,-201.5,0.0,-18.6,-5.4,0.0,0.0,0.0,0.0,0.0,0.0,0.0,0.0,-225.5
2026-03-30,7.5,28.9,0.0,33.0,0.0,0.0,0.0,0.0,0.0,0.0,0.0,0.0,69.4
2026-03-31,98.4,16.2,1.8,1.1,0.0,0.0,0.0,0.0,0.0,0.0,0.0,0.0,117.5
2026-04-01,-86.5,-78.6,-5.6,0.0,0.0,0.0,0.0,0.0,0.0,0.0,-13.3,10.3,-173.7
2026-04-02,-3.0,7.3,0.0,0.0,0.0,0.0,0.0,4.7,0.0,0.0,0.0,0.0,9.0
2026-04-06,181.9,147.3,3.8,118.8,0.0,0.0,0.0,2.0,0.0,0.0,0.0,17.6,471.4
2026-04-07,-17.1,-47.8,0.0,-34.2,0.0,0.0,2.3,-20.4,0.0,0.0,-41.9,0.0,-159.1
2026-04-08,40.4,-79.1,0.0,-74.7,0.0,0.0,0.0,0.0,0.0,30.6,-11.1,0.0,-93.9
2026-04-09,269.3,53.3,11.7,4.8,0.0,2.1,0.0,2.0,0.0,14.9,0.0,0.0,358.1
2026-04-10,137.6,78.0,9.5,3.6,0.0,0.0,0.0,2.6,0.0,16.3,0.0,9.1,256.7
2026-04-13,34.7,-229.2,11.9,-62.9,0.0,0.0,0.0,-2.6,0.0,6.3,-38.2,-11.0,-291.0
2026-04-14,213.8,45.3,12.5,113.1,0.0,0.0,0.0,6.3,0.0,15.5,0.0,4.9,411.4
2026-04-15,291.9,-47.3,-8.5,-42.2,0.0,0.0,0.0,-3.7,0.0,19.3,-23.4,0.0,186.1
2026-04-16,81.7,-36.0,0.0,-27.4,0.0,0.0,0.0,0.0,0.0,13.4,-22.3,16.7,26.1
2026-04-17,284.0,163.4,38.2,117.9,3.9,0.0,0.0,6.6,0.0,16.6,4.2,29.1,663.9
2026-04-20,256.0,-6.6,0.0,0.0,0.0,0.0,5.8,0.0,0.0,8.1,-24.9,0.0,238.4
2026-04-21,39.3,-6.6,-12.7,-14.5,0.0,0.0,0.0,-4.3,0.0,10.8,-17.5,17.3,11.8
2026-04-22,246.9,56.7,15.4,11.9,0.0,0.0,0.0,3.9,6.3,11.3,-16.6,0.0,335.8
2026-04-23,167.5,-16.9,-7.6,71.2,0.0,0.0,0.0,-5.5,0.0,9.4,0.0,5.2,223.3
2026-04-24,22.9,-1.7,-8.9,-9.0,0.0,0.0,0.0,0.0,0.0,11.1,0.0,0.0,14.4
2026-04-27,0.0,-150.4,-8.8,-43.3,0.0,0.0,0.0,-14.1,0.0,0.0,-46.6,0.0,-263.2
2026-04-28,-112.2,-5.0,-13.7,41.2,0.0,0.0,0.0,0.0,0.0,0.0,0.0,0.0,-89.7
2026-04-29,-54.7,-36.1,0.0,-30.0,0.0,-6.5,0.0,0.0,0.0,10.8,-21.1,0.0,-137.6
2026-04-30,19.1,26.6,-2.9,-6.3,-4.9,0.0,0.0,-2.2,0.0,0.0,-5.9,0.0,23.5
2026-05-01,284.4,213.4,27.3,88.5,0.0,0.0,0.0,5.5,0.0,4.5,0.0,6.2,629.8
2026-05-04,335.5,184.6,0.0,0.0,0.0,0.0,0.0,0.0,0.0,12.2,0.0,0.0,532.3
2026-05-05,251.4,133.2,14.6,92.3,0.0,0.0,0.0,-5.8,0.0,0.0,-18.4,0.0,467.3
2026-05-06,134.6,-39.0,-25.2,0.0,0.0,-7.1,0.0,0.0,0.0,0.0,-17.1,0.0,46.2
2026-05-07,-98.0,-129.0,0.0,-12.6,-10.0,0.0,0.0,-5.1,0.0,7.3,-26.8,5.7,-268.5
2026-05-08,-27.2,-97.6,0.0,-26.6,0.0,0.0,0.0,0.0,0.0,5.7,0.0,0.0,-145.7
2026-05-11,-7.4,-3.6,0.0,0.0,7.3,0.0,0.0,4.6,0.0,26.3,0.0,0.0,27.2
2026-05-12,-32.9,-86.1,-17.5,-85.1,0.0,0.0,0.0,0.0,0.0,6.0,-17.6,0.0,-233.2
2026-05-13,-284.7,-133.2,-35.4,-177.1,0.0,0.0,0.0,0.0,0.0,0.0,0.0,0.0,-630.4
2026-05-14,144.1,3.5,17.7,-9.5,-5.7,-14.1,0.0,7.5,0.0,6.8,-31.6,12.6,131.3
2026-05-15,-136.2,-39.6,-11.6,-52.5,0.0,-6.9,0.0,0.0,0.0,0.0,-43.6,0.0,-290.4
2026-05-18,-448.4,-63.4,-9.2,-109.6,-3.8,-6.6,0.0,-7.6,0.0,0.0,0.0,0.0,-648.6
2026-05-19,-325.6,-1.7,0.0,0.0,0.0,0.0,-3.8,0.0,0.0,0.0,0.0,0.0,-331.1
2026-05-20,-61.5,-10.1,0.0,0.0,0.0,0.0,0.0,0.0,1.1,0.0,0.0,-70.5
2026-05-21,-103.7,0.0,0.0,2.8,0.0,0.0,0.0,0.0,0.0,0.0,0.0,0.0,-100.9
2026-05-22,-68.9,-36.3,0.0,0.0,0.0,0.0,0.0,0.0,0.0,0.0,0.0,0.0,-105.2
2026-05-26,-192.4,-57.7,-28.8,0.0,0.0,0.0,0.0,0.0,0.0,0.0,-41.3,-13.4,-333.6
2026-05-27,-527.8,-60.3,-17.5,-17.4,0.0,0.0,0.0,0.0,0.0,4.3,-104.8,-9.9,-733.4
2026-05-28,-177.9,-19.2,0.0,0.0,0.0,0.0,0.0,0.0,0.0,0.0,-26.2,0.0,-223.3
2026-05-29,-68.2,-31.9,0.0,-7.3,0.0,0.0,0.0,0.0,0.0,-5.3,-2.9,-9.7,-125.3
2026-06-01,-440.3,-37.3,0.0,-12.3,0.0,0.0,0.0,0.0,0.0,6.1,0.0,0.0,-483.8
2026-06-02,-388.6,-45.1,0.0,-16.7,0.0,0.0,0.0,0.0,0.0,14.8,-83.5,0.0,-519.1
2026-06-03,-342.3,-54.3,0.0,0.0,0.0,0.0,0.0,0.0,0.0,0.0,0.0,0.0,-396.6
2026-06-04,47.7,-5.5,-15.6,-20.7,-12.6,0.0,0.0,0.0,0.0,9.9,0.0,0.0,3.2
2026-06-05,-213.7,-59.7,0.0,0.0,0.0,0.0,0.0,4.2,0.0,4.3,-60.8,0.0,-325.7
2026-06-08,-232.9,59.4,14.1,63.1,0.0,0.0,0.0,0.0,0.0,4.9,0.0,0.0,-91.4
2026-06-09,-61.6,-20.2,0.0,0.0,0.0,0.0,0.0,0.0,0.0,0.0,0.0,4.4,-77.4
2026-06-10,-148.5,4.0,0.0,0.0,0.0,0.0,0.0,0.0,1.0,0.0,-87.9,17.5,-213.9
2026-06-11,30.3,-5.5,-13.1,-27.2,0.0,0.0,0.0,-14.8,0.0,2.2,0.0,5.6,-22.5
2026-06-12,57.7,18.0,5.2,3.2,0.0,0.0,0.0,1.8,0.0,0.0,0.0,0.0,85.9
2026-06-15,66.4,-8.7,0.0,-6.6,0.0,-5.8,0.0,-6.1,0.0,9.4,-124.0,10.6,-64.8
2026-06-16,16.4,4.3,0.0,0.0,0.0,0.0,0.0,0.0,0.0,1.9,-16.8,4.4,10.2
2026-06-17,-30.8,14.0,0.0,-43.5,-6.4,0.0,0.0,-4.1,0.0,4.1,-15.5,0.0,-82.2
2026-06-18,-96.7,0.0,0.0,0.0,0.0,0.0,0.0,-4.4,0.0,10.4,0.0,0.0,-90.7
2026-06-22,-172.0,57.4,0.0,64.0,0.0,3.7,0.0,0.0,3.4,8.1,-81.0,48.1,-68.3
2026-06-23,-182.0,23.0,0.0,31.0,0.0,0.0,0.0,5.3,0.0,8.9,0.0,0.0,-113.8
2026-06-24,-239.3,-120.8,-27.5,-50.7,0.0,0.0,0.0,0.0,0.0,0.0,-54.3,23.6,-469.0
2026-06-25,-265.7,-274.5,-7.1,-82.1,-53.0,-6.8,0.0,-11.7,0.0,9.2,0.0,0.0,-691.7
2026-06-26,-444.5,0.0,0.0,0.0,0.0,0.0,0.0,0.0,0.0,0.0,0.0,0.0,-444.5
2026-06-29,-300.4,-3.9,0.0,50.0,0.0,0.0,0.0,3.8,0.0,7.3,35.1,-22.9,-231.0
2026-06-30,-212.4,-10.2,0.0,0.0,0.0,0.0,0.0,0.0,0.0,0.0,0.0,0.0,-222.6
2026-07-01,-219.4,-51.0,0.0,-39.9,5.4,3.5,0.0,2.1,0.0,29.8,-62.8,36.3,-296.0
2026-07-02,-40.4,166.0,0.0,91.8,0.0,0.0,1.7,4.4,0.0,0.0,0.0,0.0,223.5
2026-07-06,209.4,9.7,4.8,33.0,0.0,0.0,0.0,0.0,0.0,11.0,-44.5,42.3,265.7
2026-07-07,54.8,-24.9,0.0,-8.4,0.0,0.0,0.0,0.0,0.0,0.0,0.0,0.0,21.5
2026-07-08,-59.1,-14.9,0.0,0.0,0.0,0.0,0.0,0.0,0.0,0.0,-63.7,52.8,-84.9
2026-07-09,0.0,-63.3,0.3,-39.9,0.0,0.0,0.0,5.4,0.0,2.2,0.0,0.0,-95.3
2026-07-10,86.8,0.0,0.0,0.0,0.0,0.0,0.0,3.6,0.0,0.0,0.0,0.0,90.4
2026-07-13,-185.5,-245.6,0.0,0.0,0.0,0.0,0.0,6.1,0.0,0.0,-53.1,53.4,-424.7
2026-07-14,138.9,21.1,3.5,3.6,0.0,0.0,0.0,0.0,0.0,7.4,0.0,6.6,181.1
2026-07-15,80.8,16.9,0.0,0.0,0.0,0.0,0.0,0.0,0.0,0.0,0.0,10.0,107.7
2026-07-16,33.4,30.7,15.0,0.0,0.0,0.0,0.0,0.0,0.0,0.0,0.0,0.0,79.1
2026-07-17,136.5,-4.2,0.0,0.0,0.0,0.0,0.0,0.0,0.0,0.0,0.0,0.0,132.3
2026-07-20,116.5,24.1,8.8,72.7,0.0,0.0,0.0,1.8,0.0,6.9,-45.4,41.4,226.8
2026-07-21,163.9,23.1,0.0,9.7,0.0,0.0,0.0,0.0,0.0,0.0,0.0,6.5,203.2
2026-07-22,38.8,21.5,5.4,0.0,0.0,0.0,0.0,0.0,0.0,3.8,-38.3,37.9,69.1
2026-07-23,-202.5,-5.6,-7.0,-4.3,0.0,-5.6,0.0,0.0,-5.1,5.0,0.0,0.0,-225.1
2026-07-24,-212.2,-27.9,0.0,0.0,0.0,0.0,0.0,0.0,0.0,0.0,0.0,0.0,-240.1
