row_id,status,row_kind,source_type,cn_issue,source_title,source_path_or_url,approx_publish_date,exact_publish_date,week_id,week_start,week_end,btc_forecast_low,btc_forecast_high,eth_forecast_low,eth_forecast_high,displayed_score,cycle_phase,regime_label,rotation_status,actual_btc_low,actual_btc_high,actual_eth_low,actual_eth_high,actual_source,actual_run_id,confidence,source_conflict,missing_fields,notes
CN_001,SOURCE_BACKED,FORECAST_AND_INTERNAL_PRECISION_SECTION,CYCLE_NAVIGATOR_PUBLIC_X_POST,CN #1 / WEEK 1,CN #1 Published X Post,canonical-project-archive/06_CYCLE_NAVIGATOR/published-x-posts/CN_001_PUBLISHED_X_POST_2026-03-30.md + x.com/thedonh91/status/2038766735449313391,2026-03-30,DATA_MISSING,CN-WEEK-1,2026-03-31,DATA_MISSING,63000,71000,DATA_MISSING,DATA_MISSING,"Tracking begins next week",Inflection,Pre-Rotation,ETH early positioning / rotation developing,DATA_MISSING,DATA_MISSING,DATA_MISSING,DATA_MISSING,DATA_MISSING,DATA_MISSING,MED-HIGH,NONE,"exact week_end; ETH forecast; independent actuals","Grok/X confirms Week 1 post: Current phase Pre-Rotation, current market Inflection, primary weekly BTC range 63K-71K. Weekly precision tracking begins next week."
CN_002,SOURCE_BACKED,FORECAST_AND_NEXT_WEEK_EVALUATION,CYCLE_NAVIGATOR_PUBLIC_X_POST,CN #2,CN #2 Published X Post + CN #3 previous-week score,canonical-project-archive/06_CYCLE_NAVIGATOR/published-x-posts/CN_002_PUBLISHED_X_POST_2026-04-07.md,2026-04-07,2026-04-07,CN-WEEK-2,2026-04-07,2026-04-13,65000,72000,DATA_MISSING,DATA_MISSING,88%,Inflection,Pre-Rotation,ETH early capital rotation,66000,71000,DATA_MISSING,DATA_MISSING,CN_003_PREVIOUS_WEEK_SCORE_SECTION,DATA_MISSING,HIGH,NONE,"ETH forecast; ETH actuals; independent actual run id","Main project source found CN #2 and CN #3 score section; Grok CN #3 confirms Week 2 score overall 88%."
CN_003,SOURCE_BACKED,FORECAST_AND_NEXT_WEEK_EVALUATION,CYCLE_NAVIGATOR_PUBLIC_X_POST,CN #3,CN #3 Published X Post + CN #4 previous-week score,canonical-project-archive/06_CYCLE_NAVIGATOR/published-x-posts/CN_003_PUBLISHED_X_POST_2026-04-14_CHUNK_01-03.md + x.com/thedonh91/status/2043779712778899686,2026-04-14,2026-04-14,CN-WEEK-3,2026-04-14,2026-04-19,66000,73000,DATA_MISSING,DATA_MISSING,83%,Early Bull Attempt,Consolidation with gradual upside drift,Rotation pressure building,69000,76000,DATA_MISSING,DATA_MISSING,CN_004_PREVIOUS_WEEK_SCORE_SECTION,DATA_MISSING,HIGH,NONE,"ETH forecast; ETH actuals; independent actual run id","Grok confirms CN #3 public post and Week 2 evaluation. Main project extraction provides CN #3 forecast and CN #4 evaluation as 66K-73K -> 69K-76K; overall 83%."
CN_004,SOURCE_BACKED,FORECAST_AND_NEXT_WEEK_EVALUATION,CYCLE_NAVIGATOR_PUBLIC_X_POST,CN #4,CN #4 Published X Post + CN #5 previous-week score,canonical-project-archive/06_CYCLE_NAVIGATOR/published-x-posts/CN_004_PUBLISHED_X_POST_2026-04-20.md,2026-04-20,2026-04-20,CN-WEEK-4,2026-04-20,2026-04-26,73000,79000,DATA_MISSING,DATA_MISSING,86%,Early Bull Attempt,Pre-Rotation,BTC dominance phase / no confirmed rotation,74000,78500,DATA_MISSING,DATA_MISSING,CN_005_PREVIOUS_WEEK_SCORE_SECTION,DATA_MISSING,HIGH,NONE,"ETH forecast; ETH actuals; independent actual run id; X link if needed","Main project source-backed. Grok did not include CN #4 link in supplied set."
CN_005,SOURCE_BACKED,FORECAST_AND_NEXT_WEEK_EVALUATION,CYCLE_NAVIGATOR_PUBLIC_X_POST,CN #5,CN #5 Published X Post + CN #6 public evaluation,canonical-project-archive/06_CYCLE_NAVIGATOR/published-x-posts/CN_005_PUBLISHED_X_POST_2026-04-27.md + x.com/thedonh91/status/2048811737038696911 + x.com/thedonh91/status/2051411725270876594,2026-04-27,2026-04-27,CN-WEEK-5,2026-04-27,2026-05-03,76500,83500,DATA_MISSING,DATA_MISSING,85%,Early Bull Attempt,Pre-Rotation / extended consolidation,BTC dominance phase / rotation pressure not confirmed,75400,80300,DATA_MISSING,DATA_MISSING,CN_006_PUBLIC_X_PREVIOUS_WEEK_SCORE,DATA_MISSING,HIGH,NONE,"ETH forecast; ETH actuals; independent actual run id","Grok CN #6 confirms CN #5 evaluation: BTC 76.5K-83.5K -> 75.4K-80.3K; overall 85%."
CN_006,SOURCE_BACKED_FROM_NEXT_WEEK_EVALUATION,PREVIOUS_WEEK_EVALUATION,CYCLE_NAVIGATOR_PUBLIC_X_POST,CN #6,CN #6 public post + CN #7 evaluation,x.com/thedonh91/status/2051411725270876594 + x.com/thedonh91/status/2053740117316006385,2026-05-04,DATA_MISSING,CN-WEEK-6,2026-05-04,2026-05-10,79000,83500,DATA_MISSING,DATA_MISSING,92%,Early Bull Attempt / Early Bull BTC-led,BTC-led early bull,No Rotation,78500,82500,DATA_MISSING,DATA_MISSING,CN_007_PUBLIC_X_PREVIOUS_WEEK_SCORE,DATA_MISSING,MED-HIGH,ORIGINAL_CN_006_FORECAST_POST_LINK_FOUND_BY_GROK_BUT_FORECAST_FROM_CN7_EVALUATION,"ETH forecast; ETH actuals; independent actual run id","Grok found CN #6 post. CN #7 evaluates CN #6 as 79K-83.5K -> 78.5K-82.5K; overall 92%."
CN_007,SOURCE_BACKED,FORECAST_AND_NEXT_WEEK_EVALUATION,CYCLE_NAVIGATOR_PUBLIC_X_POST,CN #7,CN #7 public post + CN #8 evaluation,canonical-project-archive/06_CYCLE_NAVIGATOR/published-x-posts/CN_007_PUBLISHED_X_POST_2026-05-11.md + x.com/thedonh91/status/2053740117316006385 + x.com/thedonh91/status/2056303121790308500,2026-05-11,2026-05-11,CN-WEEK-7,2026-05-11,2026-05-17,79500,84000,2280,2480,91%,Early Bull BTC-led,BTC dominance expansion / narrow BTC-led structure,No Rotation / ETHBTC and breadth failed to confirm,77600,82300,2160,2370,CN_008_PUBLIC_X_PREVIOUS_WEEK_SCORE,DATA_MISSING,HIGH,CN_007_MEMORY_ROW_CORRECTED_BY_SOURCE,"independent actual run id","Grok CN #8 confirms #7 evaluation; ETH public tracking/scoring begins here/next week. Main project had same source-backed correction."
CN_008,PARTIAL_SOURCE_BACKED,FORECAST_ONLY,CYCLE_NAVIGATOR_PUBLIC_X_POST,CN #8,CN #8 public post,canonical-project-archive/06_CYCLE_NAVIGATOR/published-x-posts/CN_008_PUBLISHED_X_POST_2026-05-18.md + x.com/thedonh91/status/2056303121790308500,2026-05-18,2026-05-18,CN-WEEK-8,2026-05-18,2026-05-24,76000,84000,2100,2420,DATA_MISSING,Early Bull BTC-led absorption,BTC Dominance Expansion,ETHBTC failed to confirm sustained rotation,DATA_MISSING,DATA_MISSING,DATA_MISSING,DATA_MISSING,DATA_MISSING,DATA_MISSING,MED-HIGH,NONE,"displayed_score; next-week evaluation; actuals; actual run id","Grok supplied CN #8 current post and #7 evaluation, but not later CN #9 evaluation of CN #8."
MM_W28,SOURCE_BACKED,RAW_MASTER_MONDAY,MASTER_MONDAY_RAW_GITHUB_ARCHIVE,MASTER_MONDAY_2026-W28,Master Monday v3.1 Raw Archive - 2026-W28,03_WEEKLY_OPERATIONS/master_monday/2026-07-06__master-monday-2026-w28__raw.md,2026-07-06,2026-07-06,2026-W28,DATA_MISSING,DATA_MISSING,60900,65400,1540,1760,67,BTC-led recovery attempt,Recovery range with upside test not clean breakout,Early Rotation Watch / not confirmed,DATA_MISSING,DATA_MISSING,DATA_MISSING,DATA_MISSING,DATA_MISSING,DATA_MISSING,HIGH,NONE,"week_start; week_end; W28 actuals; actual run id","First Master Monday after GitHub archive implementation. Source-backed raw GitHub archive."
